<?xml version="1.0" encoding="UTF-8"?>
<GenRun Id="impl_1" LaunchPart="xc7a35tcpg236-1" LaunchTime="1720584588">
  <File Type="POSTROUTE-PHYSOPT-RQS-RPT" Name="postroute_physopt_report_qor_suggestions_0.rpt"/>
  <File Type="ROUTE-DCP" Name="Basys3ADC_routed.dcp"/>
  <File Type="ROUTE-STATUS" Name="Basys3ADC_route_status.rpt"/>
  <File Type="ROUTE-PWR-RPX" Name="Basys3ADC_power_routed.rpx"/>
  <File Type="ROUTE-PWR-SUM" Name="Basys3ADC_power_summary_routed.pb"/>
  <File Type="ROUTE-PWR" Name="Basys3ADC_power_routed.rpt"/>
  <File Type="ROUTE-DRC-PB" Name="Basys3ADC_drc_routed.pb"/>
  <File Type="ROUTE-DRC" Name="Basys3ADC_drc_routed.rpt"/>
  <File Type="PLACE-PRE-SIMILARITY" Name="Basys3ADC_incremental_reuse_pre_placed.rpt"/>
  <File Type="PLACE-CTRL" Name="Basys3ADC_control_sets_placed.rpt"/>
  <File Type="PLACE-UTIL-PB" Name="Basys3ADC_utilization_placed.pb"/>
  <File Type="PLACE-UTIL" Name="Basys3ADC_utilization_placed.rpt"/>
  <File Type="PLACE-IO" Name="Basys3ADC_io_placed.rpt"/>
  <File Type="ROUTE-STATUS-PB" Name="Basys3ADC_route_status.pb"/>
  <File Type="BG-BIT" Name="Basys3ADC.bit"/>
  <File Type="PDI-FILE" Name="Basys3ADC.pdi"/>
  <File Type="ROUTE-BLACKBOX-DCP" Name="Basys3ADC_routed_bb.dcp"/>
  <File Type="BG-BGN" Name="Basys3ADC.bgn"/>
  <File Type="RCFI_FILE" Name="Basys3ADC.rcfi"/>
  <File Type="ROUTE-ERROR-DCP" Name="Basys3ADC_routed_error.dcp"/>
  <File Type="BG-DRC" Name="Basys3ADC.drc"/>
  <File Type="ROUTE-TIMINGSUMMARY" Name="Basys3ADC_timing_summary_routed.rpt"/>
  <File Type="BG-BIN" Name="Basys3ADC.bin"/>
  <File Type="CFI_FILE" Name="Basys3ADC.cfi"/>
  <File Type="OPT-DRC" Name="Basys3ADC_drc_opted.rpt"/>
  <File Type="RDI-RDI" Name="Basys3ADC.vdi"/>
  <File Type="POSTROUTE-PHYSOPT-TIMING-PB" Name="Basys3ADC_timing_summary_postroute_physopted.pb"/>
  <File Type="WBT-USG" Name="usage_statistics_webtalk.html"/>
  <File Type="POSTROUTE-PHYSOPT-RQS" Name="Basys3ADC_postroute_physopted.rqs"/>
  <File Type="ROUTE-TIMING-PB" Name="Basys3ADC_timing_summary_routed.pb"/>
  <File Type="PA-TCL" Name="Basys3ADC.tcl"/>
  <File Type="ROUTE-BUS-SKEW-PB" Name="Basys3ADC_bus_skew_routed.pb"/>
  <File Type="BITSTR-MSK" Name="Basys3ADC.msk"/>
  <File Type="RNPI_FILE" Name="Basys3ADC.rnpi"/>
  <File Type="OPT-HWDEF" Name="Basys3ADC.hwdef"/>
  <File Type="ROUTE-TIMING-RPX" Name="Basys3ADC_timing_summary_routed.rpx"/>
  <File Type="REPORTS-TCL" Name="Basys3ADC_reports.tcl"/>
  <File Type="ROUTE-BUS-SKEW-RPX" Name="Basys3ADC_bus_skew_routed.rpx"/>
  <File Type="BITSTR-RBT" Name="Basys3ADC.rbt"/>
  <File Type="NPI_FILE" Name="Basys3ADC.npi"/>
  <File Type="BITSTR-NKY" Name="Basys3ADC.nky"/>
  <File Type="RBD_FILE" Name="Basys3ADC.rbd"/>
  <File Type="BITSTR-BMM" Name="Basys3ADC_bd.bmm"/>
  <File Type="BITSTR-MMI" Name="Basys3ADC.mmi"/>
  <File Type="BITSTR-SYSDEF" Name="Basys3ADC.sysdef"/>
  <File Type="BITSTR-LTX" Name="debug_nets.ltx"/>
  <File Type="BITSTR-LTX" Name="Basys3ADC.ltx"/>
  <File Type="ROUTE-SIMILARITY" Name="Basys3ADC_incremental_reuse_routed.rpt"/>
  <File Type="ROUTE-CLK" Name="Basys3ADC_clock_utilization_routed.rpt"/>
  <File Type="ROUTE-BUS-SKEW" Name="Basys3ADC_bus_skew_routed.rpt"/>
  <File Type="OPT-DCP" Name="Basys3ADC_opt.dcp"/>
  <File Type="PLACE-DCP" Name="Basys3ADC_placed.dcp"/>
  <File Type="PWROPT-DCP" Name="Basys3ADC_pwropt.dcp"/>
  <File Type="POSTPLACE-PWROPT-DCP" Name="Basys3ADC_postplace_pwropt.dcp"/>
  <File Type="PHYSOPT-DCP" Name="Basys3ADC_physopt.dcp"/>
  <File Type="POSTROUTE-PHYSOPT-DCP" Name="Basys3ADC_postroute_physopt.dcp"/>
  <File Type="POSTROUTE-PHYSOPT-BLACKBOX-DCP" Name="Basys3ADC_postroute_physopt_bb.dcp"/>
  <File Type="POSTROUTE-PHYSOPT-TIMING" Name="Basys3ADC_timing_summary_postroute_physopted.rpt"/>
  <File Type="POSTROUTE-PHYSOPT-TIMING-RPX" Name="Basys3ADC_timing_summary_postroute_physopted.rpx"/>
  <File Type="POSTROUTE-PHYSOPT-BUS-SKEW" Name="Basys3ADC_bus_skew_postroute_physopted.rpt"/>
  <File Type="POSTROUTE-PHYSOPT-BUS-SKEW-PB" Name="Basys3ADC_bus_skew_postroute_physopted.pb"/>
  <File Type="POSTROUTE-PHYSOPT-BUS-SKEW-RPX" Name="Basys3ADC_bus_skew_postroute_physopted.rpx"/>
  <File Type="ROUTE-METHODOLOGY-DRC" Name="Basys3ADC_methodology_drc_routed.rpt"/>
  <File Type="ROUTE-METHODOLOGY-DRC-PB" Name="Basys3ADC_methodology_drc_routed.pb"/>
  <File Type="ROUTE-DRC-RPX" Name="Basys3ADC_drc_routed.rpx"/>
  <File Type="ROUTE-METHODOLOGY-DRC-RPX" Name="Basys3ADC_methodology_drc_routed.rpx"/>
  <File Type="BOOT-PDI-FILE" Name="Basys3ADC_boot.pdi"/>
  <File Type="PL-PDI-FILE" Name="Basys3ADC_pld.pdi"/>
  <File Type="ROUTE-RQS" Name="Basys3ADC_routed.rqs"/>
  <File Type="ROUTE-RQS-RPT" Name="route_report_qor_suggestions_0.rpt"/>
  <FileSet Name="sources" Type="DesignSrcs" RelSrcDir="$PSRCDIR/sources_1" RelGenDir="$PGENDIR/sources_1">
    <Filter Type="Srcs"/>
    <File Path="$PSRCDIR/sources_1/new/DFF.vhd">
      <FileInfo>
        <Attr Name="ImportPath" Val="$PPRDIR/../../../../Downloads/BasysADC/src/project_1/project_1.srcs/sources_1/new/DFF.vhd"/>
        <Attr Name="ImportTime" Val="1720581299"/>
        <Attr Name="UsedIn" Val="synthesis"/>
        <Attr Name="UsedIn" Val="simulation"/>
      </FileInfo>
    </File>
    <File Path="$PSRCDIR/sources_1/imports/src/EightBitBarMeter.vhd">
      <FileInfo>
        <Attr Name="ImportPath" Val="$PPRDIR/../../../../Downloads/BasysADC/src/EightBitBarMeter.vhd"/>
        <Attr Name="ImportTime" Val="1720579555"/>
        <Attr Name="UsedIn" Val="synthesis"/>
        <Attr Name="UsedIn" Val="simulation"/>
      </FileInfo>
    </File>
    <File Path="$PSRCDIR/sources_1/imports/src/EightBitDataPassDelay.vhd">
      <FileInfo>
        <Attr Name="ImportPath" Val="$PPRDIR/../../../../Downloads/BasysADC/src/EightBitDataPassDelay.vhd"/>
        <Attr Name="ImportTime" Val="1720579560"/>
        <Attr Name="UsedIn" Val="synthesis"/>
        <Attr Name="UsedIn" Val="simulation"/>
      </FileInfo>
    </File>
    <File Path="$PSRCDIR/sources_1/imports/src/clk_div2.vhd">
      <FileInfo>
        <Attr Name="ImportPath" Val="$PPRDIR/../../../../Downloads/BasysADC/src/clk_div2.vhd"/>
        <Attr Name="ImportTime" Val="1720579536"/>
        <Attr Name="UsedIn" Val="synthesis"/>
        <Attr Name="UsedIn" Val="simulation"/>
      </FileInfo>
    </File>
    <File Path="$PSRCDIR/sources_1/imports/src/sseg_dec.vhd">
      <FileInfo>
        <Attr Name="ImportPath" Val="$PPRDIR/../../../../Downloads/BasysADC/src/sseg_dec.vhd"/>
        <Attr Name="ImportTime" Val="1720579599"/>
        <Attr Name="UsedIn" Val="synthesis"/>
        <Attr Name="UsedIn" Val="simulation"/>
      </FileInfo>
    </File>
    <File Path="$PSRCDIR/sources_1/imports/src/xadc_wiz_0.vhd">
      <FileInfo>
        <Attr Name="ImportPath" Val="$PPRDIR/../../../../Downloads/BasysADC/src/xadc_wiz_0.vhd"/>
        <Attr Name="ImportTime" Val="1720579643"/>
        <Attr Name="UsedIn" Val="synthesis"/>
        <Attr Name="UsedIn" Val="simulation"/>
      </FileInfo>
    </File>
    <File Path="$PSRCDIR/sources_1/imports/src/Basys3ADC.vhd">
      <FileInfo>
        <Attr Name="ImportPath" Val="$PPRDIR/../../../../Downloads/BasysADC/src/Basys3ADC.vhd"/>
        <Attr Name="ImportTime" Val="1720580905"/>
        <Attr Name="UsedIn" Val="synthesis"/>
        <Attr Name="UsedIn" Val="simulation"/>
      </FileInfo>
    </File>
    <Config>
      <Option Name="DesignMode" Val="RTL"/>
      <Option Name="TopModule" Val="Basys3ADC"/>
      <Option Name="TopAutoSet" Val="TRUE"/>
    </Config>
  </FileSet>
  <FileSet Name="constrs_in" Type="Constrs" RelSrcDir="$PSRCDIR/constrs_1" RelGenDir="$PGENDIR/constrs_1">
    <Filter Type="Constrs"/>
    <File Path="$PSRCDIR/constrs_1/imports/src/Basys3_Master.xdc">
      <FileInfo>
        <Attr Name="ImportPath" Val="$PPRDIR/../../../../Downloads/BasysADC/src/Basys3_Master.xdc"/>
        <Attr Name="ImportTime" Val="1720579475"/>
        <Attr Name="UsedIn" Val="synthesis"/>
        <Attr Name="UsedIn" Val="implementation"/>
      </FileInfo>
    </File>
    <Config>
      <Option Name="ConstrsType" Val="XDC"/>
    </Config>
  </FileSet>
  <FileSet Name="utils" Type="Utils" RelSrcDir="$PSRCDIR/utils_1" RelGenDir="$PGENDIR/utils_1">
    <Filter Type="Utils"/>
    <File Path="$PSRCDIR/utils_1/imports/synth_1/Basys3ADC.dcp">
      <FileInfo>
        <Attr Name="ImportPath" Val="$PPRDIR/../../../../Downloads/BasysADC/src/project_1/project_1.srcs/utils_1/imports/synth_1/Basys3ADC.dcp"/>
        <Attr Name="ImportTime" Val="1720584533"/>
        <Attr Name="UsedIn" Val="synthesis"/>
        <Attr Name="UsedIn" Val="implementation"/>
        <Attr Name="UsedInSteps" Val="synth_1"/>
        <Attr Name="AutoDcp" Val="1"/>
      </FileInfo>
    </File>
    <Config>
      <Option Name="TopAutoSet" Val="TRUE"/>
    </Config>
  </FileSet>
  <Strategy Version="1" Minor="2">
    <StratHandle Name="Vivado Implementation Defaults" Flow="Vivado Implementation 2023"/>
    <Step Id="init_design"/>
    <Step Id="opt_design"/>
    <Step Id="power_opt_design"/>
    <Step Id="place_design"/>
    <Step Id="post_place_power_opt_design"/>
    <Step Id="phys_opt_design"/>
    <Step Id="route_design"/>
    <Step Id="post_route_phys_opt_design"/>
    <Step Id="write_bitstream"/>
    <Step Id="write_device_image"/>
  </Strategy>
</GenRun>
